{
  "Screen 1": [
    -0.7669048566357946,
    1.0194389294831039,
    -3.4494999999998095
  ],
  "Screen 4": [
    1.0188114107493835,
    0.766564542398701,
    -3.449499999999795
  ],
  "Screen 2": [
    -1.0184211474271845,
    -0.7663519202643543,
    -3.449499999999813
  ],
  "Screen 3": [
    0.766541435099172,
    -1.0187660842184285,
    -3.4494999999998006
  ]
}